game,phase,group,ab,abc,group-rarity,action-weight,odds,icon-a-connect,icon-a,icon-a-mod-1,icon-a-mod-2,icon-b-connect,icon-b,icon-b-mod-1,icon-b-mod-2,icon-c-connect,icon-c,icon-c-mod-1,icon-c-mod-2,icon-d-connect,icon-d,icon-d-mod-1,icon-d-mod-2,icon-e-connect,icon-e,icon-e-mod-1,icon-e-mod-2
"West Kingdom, Architects of the",2,GuildH,"West Kingdom, Architects of the2","West Kingdom, Architects of the2GuildH",2.00,1.00,6.50,,gen-worker,,,gen-place,gen-card--green,gen-space--worker,,,aowk-cath,gen-upgrade,,,,,,,,,
"West Kingdom, Architects of the",2,GuildH,"West Kingdom, Architects of the2","West Kingdom, Architects of the2GuildH",2.00,1.00,6.50,,gen-worker,,,gen-place,gen-card--green,gen-space--worker,,,,,,,,,,,,,
"West Kingdom, Architects of the",2,Mine,"West Kingdom, Architects of the2","West Kingdom, Architects of the2Mine",1.00,0.33,13.00,,gen-worker,,,gen-place,gen-gold,gen-space--worker,,,,,,,,,,,,,
"West Kingdom, Architects of the",2,Quarry,"West Kingdom, Architects of the2","West Kingdom, Architects of the2Quarry",1.00,0.33,13.00,,gen-worker,,,gen-place,gen-stone,gen-space--worker,,,,,,,,,,,,,
"West Kingdom, Architects of the",2,SS,"West Kingdom, Architects of the2","West Kingdom, Architects of the2SS",1.00,0.33,13.00,,gen-worker,,,gen-place,gen-coin,gen-space--worker,,,,,,,,,,,,,
"West Kingdom, Architects of the",2,Forest,"West Kingdom, Architects of the2","West Kingdom, Architects of the2Forest",1.00,0.33,13.00,,gen-worker,,,gen-place,gen-wood,gen-space--worker,,,,,,,,,,,,,
"West Kingdom, Architects of the",2,Mine,"West Kingdom, Architects of the2","West Kingdom, Architects of the2Mine",1.50,0.50,8.67,,gen-worker,,,gen-and,gen-worker,,,gen-place,gen-gold,gen-space--worker,,,,,,,,,
"West Kingdom, Architects of the",2,Quarry,"West Kingdom, Architects of the2","West Kingdom, Architects of the2Quarry",1.50,0.50,8.67,,gen-worker,,,gen-and,gen-worker,,,gen-place,gen-stone,gen-space--worker,,,,,,,,,
"West Kingdom, Architects of the",2,SS,"West Kingdom, Architects of the2","West Kingdom, Architects of the2SS",1.50,0.50,8.67,,gen-worker,,,gen-and,gen-worker,,,gen-place,gen-coin,gen-space--worker,,,,,,,,,
"West Kingdom, Architects of the",2,Forest,"West Kingdom, Architects of the2","West Kingdom, Architects of the2Forest",1.50,0.50,8.67,,gen-worker,,,gen-and,gen-worker,,,gen-place,gen-wood,gen-space--worker,,,,,,,,,
"West Kingdom, Architects of the",2,Mine,"West Kingdom, Architects of the2","West Kingdom, Architects of the2Mine",0.50,0.17,26.00,,gen-worker,,,gen-and,gen-worker,,,gen-and,gen-worker,,,gen-place,gen-gold,gen-space--worker,,,,,
"West Kingdom, Architects of the",2,Quarry,"West Kingdom, Architects of the2","West Kingdom, Architects of the2Quarry",0.50,0.17,26.00,,gen-worker,,,gen-and,gen-worker,,,gen-and,gen-worker,,,gen-place,gen-stone,gen-space--worker,,,,,
"West Kingdom, Architects of the",2,SS,"West Kingdom, Architects of the2","West Kingdom, Architects of the2SS",0.50,0.17,26.00,,gen-worker,,,gen-and,gen-worker,,,gen-and,gen-worker,,,gen-place,gen-coin,gen-space--worker,,,,,
"West Kingdom, Architects of the",2,Forest,"West Kingdom, Architects of the2","West Kingdom, Architects of the2Forest",0.50,0.17,26.00,,gen-worker,,,gen-and,gen-worker,,,gen-and,gen-worker,,,gen-place,gen-wood,gen-space--worker,,,,,
"West Kingdom, Architects of the",2,TC,"West Kingdom, Architects of the2","West Kingdom, Architects of the2TC",1.00,0.50,13.00,,gen-worker,,,gen-place,aowk-capture,gen-space--worker,,,aowk-workergroup--singlecolor,gen-space--worker,gen-max,gen-execute,aowk-capture,gen-var,,gen-inherit,gen-worker,gen-count,
"West Kingdom, Architects of the",2,TC,"West Kingdom, Architects of the2","West Kingdom, Architects of the2TC",1.00,0.50,13.00,,gen-worker,,,gen-place,aowk-capture,gen-space--worker,,,aowk-workergroup--multicolor,gen-space--worker,gen-max,gen-execute,aowk-capture,gen-var,,gen-inherit,gen-worker,gen-count,
"West Kingdom, Architects of the",2,WS-T,"West Kingdom, Architects of the2","West Kingdom, Architects of the2WS-T",1.00,0.13,13.00,,gen-worker,,,gen-place,aowk-ws,gen-space--worker,,,gen-card--blue,gen-discard,gen-01,,,,,,,,
"West Kingdom, Architects of the",2,WS-T,"West Kingdom, Architects of the2","West Kingdom, Architects of the2WS-T",1.00,0.13,13.00,,gen-worker,,,gen-place,aowk-ws,gen-space--worker,,,gen-card--blue,gen-discard,gen-02,,,,,,,,
"West Kingdom, Architects of the",2,WS-T,"West Kingdom, Architects of the2","West Kingdom, Architects of the2WS-T",1.00,0.13,13.00,,gen-worker,,,gen-place,aowk-ws,gen-space--worker,,,gen-card--blue,gen-discard,gen-03,,,,,,,,
"West Kingdom, Architects of the",2,WS-T,"West Kingdom, Architects of the2","West Kingdom, Architects of the2WS-T",1.00,0.13,13.00,,gen-worker,,,gen-place,aowk-ws,gen-space--worker,,,gen-card--blue,gen-discard,gen-04,,,,,,,,
"West Kingdom, Architects of the",2,WS-T,"West Kingdom, Architects of the2","West Kingdom, Architects of the2WS-T",1.00,0.13,13.00,,gen-worker,,,gen-place,aowk-ws,gen-space--worker,,,gen-card--blue,gen-discard,gen-05,,,,,,,,
"West Kingdom, Architects of the",2,WS-T,"West Kingdom, Architects of the2","West Kingdom, Architects of the2WS-T",1.00,0.13,13.00,,gen-worker,,,gen-place,aowk-ws,gen-space--worker,,,gen-card--blue,gen-discard,gen-06,,,,,,,,
"West Kingdom, Architects of the",2,WS-T,"West Kingdom, Architects of the2","West Kingdom, Architects of the2WS-T",1.00,0.13,13.00,,gen-worker,,,gen-place,aowk-ws,gen-space--worker,,,gen-card--blue,gen-discard,gen-07,,,,,,,,
"West Kingdom, Architects of the",2,WS-T,"West Kingdom, Architects of the2","West Kingdom, Architects of the2WS-T",1.00,0.13,13.00,,gen-worker,,,gen-place,aowk-ws,gen-space--worker,,,gen-card--blue,gen-discard,gen-08,,,,,,,,
"West Kingdom, Architects of the",2,WS-B,"West Kingdom, Architects of the2","West Kingdom, Architects of the2WS-B",1.00,1.00,13.00,,gen-worker,,,gen-place,aowk-ws,gen-space--worker,,,gen-card--green,gen-discard,gen-max,,,,,,,,
"West Kingdom, Architects of the",2,TS,"West Kingdom, Architects of the2","West Kingdom, Architects of the2TS",1.00,1.00,13.00,,gen-worker,,,gen-place,gen-tax,gen-space--worker,,,gen-tax,gen-discard,gen-remind,,,,,,,,
"West Kingdom, Architects of the",2,BM,"West Kingdom, Architects of the2","West Kingdom, Architects of the2BM",1.00,0.50,13.00,,gen-worker,,,gen-place,aowk-bm,gen-space--worker,gen-leftmost,,,,,,,,,,,,
"West Kingdom, Architects of the",2,BM,"West Kingdom, Architects of the2","West Kingdom, Architects of the2BM",1.00,0.50,13.00,,gen-worker,,,gen-place,aowk-bm,gen-space--worker,gen-rightmost,,,,,,,,,,,,
"West Kingdom, Architects of the",2,KS,"West Kingdom, Architects of the2","West Kingdom, Architects of the2KS",1.00,1.00,13.00,,gen-worker,,,gen-place,gen-marble,gen-space--worker,,,,,,,,,,,,,
"West Kingdom, Architects of the",2,GuardH,"West Kingdom, Architects of the2","West Kingdom, Architects of the2GuardH",1.00,0.50,13.00,,gen-worker,,,gen-place,aowk-guardh,gen-space--worker,,,aowk-capture,,,gen-place,aowk-guardh,,,,,,
"West Kingdom, Architects of the",2,GuardH,"West Kingdom, Architects of the2","West Kingdom, Architects of the2GuardH",1.00,0.50,13.00,,gen-worker,,,gen-place,aowk-guardh,gen-space--worker,,,aowk-guardh,,,gen-execute,gen-worker--group,,,,,,
"West Kingdom, Architects of the",3,Tax,"West Kingdom, Architects of the3","West Kingdom, Architects of the3Tax",0.50,0.17,5.33,,gen-tax,,,,,,,,,,,,,,,,,,
"West Kingdom, Architects of the",3,Tax,"West Kingdom, Architects of the3","West Kingdom, Architects of the3Tax",1.00,0.33,2.67,,gen-tax,,,gen-and,gen-tax,,,,,,,,,,,,,,
"West Kingdom, Architects of the",3,Tax,"West Kingdom, Architects of the3","West Kingdom, Architects of the3Tax",0.50,0.17,5.33,,gen-tax,,,gen-and,gen-tax,,,gen-and,gen-tax,,,,,,,,,,
"West Kingdom, Architects of the",3,,"West Kingdom, Architects of the3","West Kingdom, Architects of the3",2.00,2.00,1.33,,,,,,,,,,,,,,,,,,,,
"West Kingdom, Paladins of the",1,KF,"West Kingdom, Paladins of the1","West Kingdom, Paladins of the1KF",1.00,0.08,2.00,,gen-worker,,,gen-place,powk-card--kf,gen-leftmost,,,,,,,,,,,,,
"West Kingdom, Paladins of the",1,KF,"West Kingdom, Paladins of the1","West Kingdom, Paladins of the1KF",1.00,0.08,2.00,,gen-worker,,,gen-place,powk-card--kf,gen-03,,gen-else,powk-card--kf,gen-leftmost,,,,,,,,,
"West Kingdom, Paladins of the",1,KF,"West Kingdom, Paladins of the1","West Kingdom, Paladins of the1KF",1.00,0.08,2.00,,gen-worker,,,gen-place,powk-card--kf,gen-04,,gen-else,powk-card--kf,gen-leftmost,,,,,,,,,
"West Kingdom, Paladins of the",1,KF,"West Kingdom, Paladins of the1","West Kingdom, Paladins of the1KF",1.00,0.08,2.00,,gen-worker,,,gen-place,powk-card--kf,gen-05,,gen-else,powk-card--kf,gen-leftmost,,,,,,,,,
"West Kingdom, Paladins of the",1,KF,"West Kingdom, Paladins of the1","West Kingdom, Paladins of the1KF",1.00,0.08,2.00,,gen-worker,,,gen-place,powk-card--kf,gen-06,,gen-else,powk-card--kf,gen-leftmost,,,,,,,,,
"West Kingdom, Paladins of the",1,KF,"West Kingdom, Paladins of the1","West Kingdom, Paladins of the1KF",1.00,0.08,2.00,,gen-worker,,,gen-place,powk-card--kf,gen-07,,gen-else,powk-card--kf,gen-leftmost,,,,,,,,,
"West Kingdom, Paladins of the",1,KF,"West Kingdom, Paladins of the1","West Kingdom, Paladins of the1KF",1.00,0.08,2.00,,gen-worker,,,gen-place,powk-card--kf,gen-rightmost,,,,,,,,,,,,,
"West Kingdom, Paladins of the",1,KF,"West Kingdom, Paladins of the1","West Kingdom, Paladins of the1KF",1.00,0.08,2.00,,gen-worker,,,gen-place,powk-card--kf,gen-03,,gen-else,powk-card--kf,gen-rightmost,,,,,,,,,
"West Kingdom, Paladins of the",1,KF,"West Kingdom, Paladins of the1","West Kingdom, Paladins of the1KF",1.00,0.08,2.00,,gen-worker,,,gen-place,powk-card--kf,gen-04,,gen-else,powk-card--kf,gen-rightmost,,,,,,,,,
"West Kingdom, Paladins of the",1,KF,"West Kingdom, Paladins of the1","West Kingdom, Paladins of the1KF",1.00,0.08,2.00,,gen-worker,,,gen-place,powk-card--kf,gen-05,,gen-else,powk-card--kf,gen-rightmost,,,,,,,,,
"West Kingdom, Paladins of the",1,KF,"West Kingdom, Paladins of the1","West Kingdom, Paladins of the1KF",1.00,0.08,2.00,,gen-worker,,,gen-place,powk-card--kf,gen-06,,gen-else,powk-card--kf,gen-rightmost,,,,,,,,,
"West Kingdom, Paladins of the",1,KF,"West Kingdom, Paladins of the1","West Kingdom, Paladins of the1KF",1.00,0.08,2.00,,gen-worker,,,gen-place,powk-card--kf,gen-07,,gen-else,powk-card--kf,gen-rightmost,,,,,,,,,
"West Kingdom, Paladins of the",1,,"West Kingdom, Paladins of the1","West Kingdom, Paladins of the1",1.00,1.00,2.00,,,,,,,,,,,,,,,,,,,,
"West Kingdom, Paladins of the",2,tf,"West Kingdom, Paladins of the2","West Kingdom, Paladins of the2tf",1.00,0.20,14.00,,gen-card--green,gen-discard,gen-01,,,,,,,,,,,,,,,,
"West Kingdom, Paladins of the",2,tf,"West Kingdom, Paladins of the2","West Kingdom, Paladins of the2tf",1.00,0.20,14.00,,gen-card--green,gen-discard,gen-02,,,,,,,,,,,,,,,,
"West Kingdom, Paladins of the",2,tf,"West Kingdom, Paladins of the2","West Kingdom, Paladins of the2tf",1.00,0.20,14.00,,gen-card--green,gen-discard,gen-03,,,,,,,,,,,,,,,,
"West Kingdom, Paladins of the",2,tf,"West Kingdom, Paladins of the2","West Kingdom, Paladins of the2tf",1.00,0.20,14.00,,gen-card--green,gen-discard,gen-04,,,,,,,,,,,,,,,,
"West Kingdom, Paladins of the",2,tf,"West Kingdom, Paladins of the2","West Kingdom, Paladins of the2tf",1.00,0.20,14.00,,gen-card--green,gen-discard,gen-05,,,,,,,,,,,,,,,,
"West Kingdom, Paladins of the",2,os,"West Kingdom, Paladins of the2","West Kingdom, Paladins of the2os",1.00,0.20,14.00,,gen-card--blue,gen-discard,gen-01,,,,,,,,,,,,,,,,
"West Kingdom, Paladins of the",2,os,"West Kingdom, Paladins of the2","West Kingdom, Paladins of the2os",1.00,0.20,14.00,,gen-card--blue,gen-discard,gen-02,,,,,,,,,,,,,,,,
"West Kingdom, Paladins of the",2,os,"West Kingdom, Paladins of the2","West Kingdom, Paladins of the2os",1.00,0.20,14.00,,gen-card--blue,gen-discard,gen-03,,,,,,,,,,,,,,,,
"West Kingdom, Paladins of the",2,os,"West Kingdom, Paladins of the2","West Kingdom, Paladins of the2os",1.00,0.20,14.00,,gen-card--blue,gen-discard,gen-04,,,,,,,,,,,,,,,,
"West Kingdom, Paladins of the",2,os,"West Kingdom, Paladins of the2","West Kingdom, Paladins of the2os",1.00,0.20,14.00,,gen-card--blue,gen-discard,gen-05,,,,,,,,,,,,,,,,
"West Kingdom, Paladins of the",2,wall,"West Kingdom, Paladins of the2","West Kingdom, Paladins of the2wall",1.00,1.00,14.00,,powk-card--wall,gen-discard,gen-max,,,,,,,,,,,,,,,,
"West Kingdom, Paladins of the",2,commission,"West Kingdom, Paladins of the2","West Kingdom, Paladins of the2commission",1.00,0.50,14.00,,gen-coin,,,gen-place,gen-space--square,gen-tbl,,gen-inherit,gen-flag--black,gen-player,gen-max,,,,,,,,
"West Kingdom, Paladins of the",2,commission,"West Kingdom, Paladins of the2","West Kingdom, Paladins of the2commission",1.00,0.50,14.00,,gen-coin,,,gen-place,gen-space--square,gen-ttr,,gen-inherit,gen-flag--black,gen-player,gen-max,,,,,,,,
"West Kingdom, Paladins of the",2,garrison,"West Kingdom, Paladins of the2","West Kingdom, Paladins of the2garrison",1.00,0.50,14.00,,gen-coin,,,gen-place,gen-space--square,gen-tbl,,gen-inherit,gen-flag--red,gen-player,gen-max,,,,,,,,
"West Kingdom, Paladins of the",2,garrison,"West Kingdom, Paladins of the2","West Kingdom, Paladins of the2garrison",1.00,0.50,14.00,,gen-coin,,,gen-place,gen-space--square,gen-ttr,,gen-inherit,gen-flag--red,gen-player,gen-max,,,,,,,,
"West Kingdom, Paladins of the",2,,"West Kingdom, Paladins of the2","West Kingdom, Paladins of the2",9.00,9.00,1.56,,,,,,,,,,,,,,,,,,,,
"West Kingdom, Paladins of the",3,tax,"West Kingdom, Paladins of the3","West Kingdom, Paladins of the3tax",1.00,0.50,10.00,,gen-tax,gen-discard,,,,,,,,,,,,,,,,,
"West Kingdom, Paladins of the",3,tax,"West Kingdom, Paladins of the3","West Kingdom, Paladins of the3tax",1.00,0.50,10.00,,gen-tax,gen-discard,,gen-and,gen-tax,gen-discard,,,,,,,,,,,,,
"West Kingdom, Paladins of the",3,sus,"West Kingdom, Paladins of the3","West Kingdom, Paladins of the3sus",1.00,0.33,10.00,,gen-card--purple,gen-gain,,gen-execute,gen-tax,gen-discard,gen-var,,,,,,,,,,,,
"West Kingdom, Paladins of the",3,sus,"West Kingdom, Paladins of the3","West Kingdom, Paladins of the3sus",1.00,0.33,10.00,,gen-card--purple,gen-gain,,gen-and,gen-card--purple,gen-gain,,gen-execute,gen-tax,gen-discard,gen-var,,,,,,,,
"West Kingdom, Paladins of the",3,sus,"West Kingdom, Paladins of the3","West Kingdom, Paladins of the3sus",1.00,0.33,10.00,,gen-card--purple,gen-discard,,,,,,,,,,,,,,,,,
"West Kingdom, Paladins of the",3,,"West Kingdom, Paladins of the3","West Kingdom, Paladins of the3",8.00,8.00,1.25,,,,,,,,,,,,,,,,,,,,
"West Kingdom, Viscounts of the",1,tf,"West Kingdom, Viscounts of the1","West Kingdom, Viscounts of the1tf",1.00,0.20,1.00,,gen-01,,,gen-between,gen-02,gen-here,,gen-execute,gen-card--green,gen-discard,,,,,,,,,
"West Kingdom, Viscounts of the",1,tf,"West Kingdom, Viscounts of the1","West Kingdom, Viscounts of the1tf",1.00,0.20,1.00,,gen-03,,,gen-between,gen-04,gen-here,,gen-execute,gen-card--green,gen-discard,,,,,,,,,
"West Kingdom, Viscounts of the",1,tf,"West Kingdom, Viscounts of the1","West Kingdom, Viscounts of the1tf",1.00,0.20,1.00,,gen-05,,,gen-between,gen-06,gen-here,,gen-execute,gen-card--green,gen-discard,,,,,,,,,
"West Kingdom, Viscounts of the",1,tf,"West Kingdom, Viscounts of the1","West Kingdom, Viscounts of the1tf",1.00,0.20,1.00,,gen-07,,,gen-between,gen-08,gen-here,,gen-execute,gen-card--green,gen-discard,,,,,,,,,
"West Kingdom, Viscounts of the",1,tf,"West Kingdom, Viscounts of the1","West Kingdom, Viscounts of the1tf",1.00,0.20,1.00,,gen-09,,,gen-between,gen-10,gen-here,,gen-execute,gen-card--green,gen-discard,,,,,,,,,
"West Kingdom, Viscounts of the",2,gh,"West Kingdom, Viscounts of the2","West Kingdom, Viscounts of the2gh",1.00,0.10,6.50,,gen-01,,,gen-between,gen-02,gen-here,,gen-execute,gen-worker,,,gen-place,vowk-guildh,,,gen-inherit,gen-player,gen-max,vowk-nobility
"West Kingdom, Viscounts of the",2,gh,"West Kingdom, Viscounts of the2","West Kingdom, Viscounts of the2gh",1.00,0.10,6.50,,gen-03,,,gen-between,gen-04,gen-here,,gen-execute,gen-worker,,,gen-place,vowk-guildh,,,gen-inherit,gen-player,gen-max,vowk-nobility
"West Kingdom, Viscounts of the",2,gh,"West Kingdom, Viscounts of the2","West Kingdom, Viscounts of the2gh",1.00,0.10,6.50,,gen-05,,,gen-between,gen-06,gen-here,,gen-execute,gen-worker,,,gen-place,vowk-guildh,,,gen-inherit,gen-player,gen-max,vowk-nobility
"West Kingdom, Viscounts of the",2,gh,"West Kingdom, Viscounts of the2","West Kingdom, Viscounts of the2gh",1.00,0.10,6.50,,gen-07,,,gen-between,gen-08,gen-here,,gen-execute,gen-worker,,,gen-place,vowk-guildh,,,gen-inherit,gen-player,gen-max,vowk-nobility
"West Kingdom, Viscounts of the",2,gh,"West Kingdom, Viscounts of the2","West Kingdom, Viscounts of the2gh",1.00,0.10,6.50,,gen-09,,,gen-between,gen-10,gen-here,,gen-execute,gen-worker,,,gen-place,vowk-guildh,,,gen-inherit,gen-player,gen-max,vowk-nobility
"West Kingdom, Viscounts of the",2,gh,"West Kingdom, Viscounts of the2","West Kingdom, Viscounts of the2gh",1.00,0.10,6.50,,gen-02,gen-here,,gen-execute,vowk-manuscript,gen-max,gen-discard,,,,,,,,,,,,
"West Kingdom, Viscounts of the",2,gh,"West Kingdom, Viscounts of the2","West Kingdom, Viscounts of the2gh",1.00,0.10,6.50,,gen-04,gen-here,,gen-execute,vowk-manuscript,gen-max,gen-discard,,,,,,,,,,,,
"West Kingdom, Viscounts of the",2,gh,"West Kingdom, Viscounts of the2","West Kingdom, Viscounts of the2gh",1.00,0.10,6.50,,gen-06,gen-here,,gen-execute,vowk-manuscript,gen-max,gen-discard,,,,,,,,,,,,
"West Kingdom, Viscounts of the",2,gh,"West Kingdom, Viscounts of the2","West Kingdom, Viscounts of the2gh",1.00,0.10,6.50,,gen-08,gen-here,,gen-execute,vowk-manuscript,gen-max,gen-discard,,,,,,,,,,,,
"West Kingdom, Viscounts of the",2,gh,"West Kingdom, Viscounts of the2","West Kingdom, Viscounts of the2gh",1.00,0.10,6.50,,gen-10,gen-here,,gen-execute,vowk-manuscript,gen-max,gen-discard,,,,,,,,,,,,
"West Kingdom, Viscounts of the",2,build,"West Kingdom, Viscounts of the2","West Kingdom, Viscounts of the2build",1.00,0.05,6.50,,gen-01,gen-here,,gen-execute,gen-coin,,,gen-place,gen-space--square,vowk-builder,gen-leftmost,,,,,,,,
"West Kingdom, Viscounts of the",2,build,"West Kingdom, Viscounts of the2","West Kingdom, Viscounts of the2build",1.00,0.05,6.50,,gen-03,gen-here,,gen-execute,gen-coin,,,gen-place,gen-space--square,vowk-builder,gen-leftmost,,,,,,,,
"West Kingdom, Viscounts of the",2,build,"West Kingdom, Viscounts of the2","West Kingdom, Viscounts of the2build",1.00,0.05,6.50,,gen-05,gen-here,,gen-execute,gen-coin,,,gen-place,gen-space--square,vowk-builder,gen-leftmost,,,,,,,,
"West Kingdom, Viscounts of the",2,build,"West Kingdom, Viscounts of the2","West Kingdom, Viscounts of the2build",1.00,0.05,6.50,,gen-07,gen-here,,gen-execute,gen-coin,,,gen-place,gen-space--square,vowk-builder,gen-leftmost,,,,,,,,
"West Kingdom, Viscounts of the",2,build,"West Kingdom, Viscounts of the2","West Kingdom, Viscounts of the2build",1.00,0.05,6.50,,gen-09,gen-here,,gen-execute,gen-coin,,,gen-place,gen-space--square,vowk-builder,gen-leftmost,,,,,,,,
"West Kingdom, Viscounts of the",2,build,"West Kingdom, Viscounts of the2","West Kingdom, Viscounts of the2build",1.00,0.05,6.50,,gen-02,gen-here,,gen-execute,gen-coin,,,gen-place,gen-space--square,vowk-builder,gen-leftmost,,,,,,,,
"West Kingdom, Viscounts of the",2,build,"West Kingdom, Viscounts of the2","West Kingdom, Viscounts of the2build",1.00,0.05,6.50,,gen-04,gen-here,,gen-execute,gen-coin,,,gen-place,gen-space--square,vowk-builder,gen-leftmost,,,,,,,,
"West Kingdom, Viscounts of the",2,build,"West Kingdom, Viscounts of the2","West Kingdom, Viscounts of the2build",1.00,0.05,6.50,,gen-06,gen-here,,gen-execute,gen-coin,,,gen-place,gen-space--square,vowk-builder,gen-leftmost,,,,,,,,
"West Kingdom, Viscounts of the",2,build,"West Kingdom, Viscounts of the2","West Kingdom, Viscounts of the2build",1.00,0.05,6.50,,gen-08,gen-here,,gen-execute,gen-coin,,,gen-place,gen-space--square,vowk-builder,gen-leftmost,,,,,,,,
"West Kingdom, Viscounts of the",2,build,"West Kingdom, Viscounts of the2","West Kingdom, Viscounts of the2build",1.00,0.05,6.50,,gen-10,gen-here,,gen-execute,gen-coin,,,gen-place,gen-space--square,vowk-builder,gen-leftmost,,,,,,,,
"West Kingdom, Viscounts of the",2,build,"West Kingdom, Viscounts of the2","West Kingdom, Viscounts of the2build",1.00,0.05,6.50,,gen-01,gen-here,,gen-execute,gen-coin,,,gen-place,gen-space--square,vowk-builder,gen-rightmost,,,,,,,,
"West Kingdom, Viscounts of the",2,build,"West Kingdom, Viscounts of the2","West Kingdom, Viscounts of the2build",1.00,0.05,6.50,,gen-03,gen-here,,gen-execute,gen-coin,,,gen-place,gen-space--square,vowk-builder,gen-rightmost,,,,,,,,
"West Kingdom, Viscounts of the",2,build,"West Kingdom, Viscounts of the2","West Kingdom, Viscounts of the2build",1.00,0.05,6.50,,gen-05,gen-here,,gen-execute,gen-coin,,,gen-place,gen-space--square,vowk-builder,gen-rightmost,,,,,,,,
"West Kingdom, Viscounts of the",2,build,"West Kingdom, Viscounts of the2","West Kingdom, Viscounts of the2build",1.00,0.05,6.50,,gen-07,gen-here,,gen-execute,gen-coin,,,gen-place,gen-space--square,vowk-builder,gen-rightmost,,,,,,,,
"West Kingdom, Viscounts of the",2,build,"West Kingdom, Viscounts of the2","West Kingdom, Viscounts of the2build",1.00,0.05,6.50,,gen-09,gen-here,,gen-execute,gen-coin,,,gen-place,gen-space--square,vowk-builder,gen-rightmost,,,,,,,,
"West Kingdom, Viscounts of the",2,build,"West Kingdom, Viscounts of the2","West Kingdom, Viscounts of the2build",1.00,0.05,6.50,,gen-02,gen-here,,gen-execute,gen-coin,,,gen-place,gen-space--square,vowk-builder,gen-rightmost,,,,,,,,
"West Kingdom, Viscounts of the",2,build,"West Kingdom, Viscounts of the2","West Kingdom, Viscounts of the2build",1.00,0.05,6.50,,gen-04,gen-here,,gen-execute,gen-coin,,,gen-place,gen-space--square,vowk-builder,gen-rightmost,,,,,,,,
"West Kingdom, Viscounts of the",2,build,"West Kingdom, Viscounts of the2","West Kingdom, Viscounts of the2build",1.00,0.05,6.50,,gen-06,gen-here,,gen-execute,gen-coin,,,gen-place,gen-space--square,vowk-builder,gen-rightmost,,,,,,,,
"West Kingdom, Viscounts of the",2,build,"West Kingdom, Viscounts of the2","West Kingdom, Viscounts of the2build",1.00,0.05,6.50,,gen-08,gen-here,,gen-execute,gen-coin,,,gen-place,gen-space--square,vowk-builder,gen-rightmost,,,,,,,,
"West Kingdom, Viscounts of the",2,build,"West Kingdom, Viscounts of the2","West Kingdom, Viscounts of the2build",1.00,0.05,6.50,,gen-10,gen-here,,gen-execute,gen-coin,,,gen-place,gen-space--square,vowk-builder,gen-rightmost,,,,,,,,
"West Kingdom, Viscounts of the",2,,"West Kingdom, Viscounts of the2","West Kingdom, Viscounts of the2",4.50,4.50,1.44,,,,,,,,,,,,,,,,,,,,
"West Kingdom, Viscounts of the",3,collision,"West Kingdom, Viscounts of the3","West Kingdom, Viscounts of the3collision",0.25,0.04,46.43,,gen-player--all,gen-execute,,gen-if,vowk-criminal,gen-01-plus,,gen-then,gen-card--black,gen-gain,,,,,,,,,
"West Kingdom, Viscounts of the",3,collision,"West Kingdom, Viscounts of the3","West Kingdom, Viscounts of the3collision",0.50,0.07,23.21,,gen-player--all,gen-execute,,gen-if,vowk-criminal,gen-01-plus,,gen-then,vowk-corruption-move,,,,,,,,,,
"West Kingdom, Viscounts of the",3,collision,"West Kingdom, Viscounts of the3","West Kingdom, Viscounts of the3collision",1.00,0.14,11.61,,gen-player--all,gen-execute,,gen-if,vowk-criminal,gen-01-plus,,gen-then,vowk-corruption-move,,,,,,,,,,
"West Kingdom, Viscounts of the",3,collision,"West Kingdom, Viscounts of the3","West Kingdom, Viscounts of the3collision",0.75,0.11,15.48,,gen-player--all,gen-execute,,gen-if,vowk-rearrange,,,,,,,,,,,,,,
"West Kingdom, Viscounts of the",3,collision,"West Kingdom, Viscounts of the3","West Kingdom, Viscounts of the3collision",1.00,0.14,11.61,,gen-player--all,gen-execute,,gen-if,vowk-criminal,gen-0,,gen-then,vowk-virtue-move,,,,,,,,,,
"West Kingdom, Viscounts of the",3,collision,"West Kingdom, Viscounts of the3","West Kingdom, Viscounts of the3collision",0.50,0.07,23.21,,gen-player--all,gen-execute,,gen-if,vowk-criminal,gen-0,,gen-then,vowk-virtue-move,,,,,,,,,,
"West Kingdom, Viscounts of the",3,collision,"West Kingdom, Viscounts of the3","West Kingdom, Viscounts of the3collision",0.25,0.04,46.43,,gen-player--all,gen-execute,,gen-if,vowk-criminal,gen-0,,gen-then,gen-card--red,gen-gain,,,,,,,,,
"West Kingdom, Viscounts of the",3,dd,"West Kingdom, Viscounts of the3","West Kingdom, Viscounts of the3dd",1.00,0.20,11.61,,gen-card--red,gen-gain,,,,,,,,,,,,,,,,,
"West Kingdom, Viscounts of the",3,dd,"West Kingdom, Viscounts of the3","West Kingdom, Viscounts of the3dd",1.00,0.20,11.61,,gen-card--red,gen-gain,,,gen-card--red,gen-gain,,,,,,,,,,,,,
"West Kingdom, Viscounts of the",3,dd,"West Kingdom, Viscounts of the3","West Kingdom, Viscounts of the3dd",1.00,0.20,11.61,,gen-card--black,gen-gain,,,gen-card--red,gen-gain,,,,,,,,,,,,,
"West Kingdom, Viscounts of the",3,dd,"West Kingdom, Viscounts of the3","West Kingdom, Viscounts of the3dd",1.00,0.20,11.61,,gen-card--black,gen-gain,,,,,,,,,,,,,,,,,
"West Kingdom, Viscounts of the",3,dd,"West Kingdom, Viscounts of the3","West Kingdom, Viscounts of the3dd",1.00,0.20,11.61,,gen-card--black,gen-gain,,,gen-card--black,gen-gain,,,,,,,,,,,,,
"West Kingdom, Viscounts of the",3,,"West Kingdom, Viscounts of the3","West Kingdom, Viscounts of the3",10.00,10.00,1.16,,,,,,,,,,,,,,,,,,,,
"South Tigris, Wayfarers of the",2,tf,"South Tigris, Wayfarers of the2","South Tigris, Wayfarers of the2tf",0.75,0.19,14.00,,gen-card--green,gen-discard,gen-01,,,,,,,,,,,,,,,,
"South Tigris, Wayfarers of the",2,tf,"South Tigris, Wayfarers of the2","South Tigris, Wayfarers of the2tf",0.75,0.19,14.00,,gen-card--green,gen-discard,gen-02,,,,,,,,,,,,,,,,
"South Tigris, Wayfarers of the",2,tf,"South Tigris, Wayfarers of the2","South Tigris, Wayfarers of the2tf",0.75,0.19,14.00,,gen-card--green,gen-discard,gen-03,,,,,,,,,,,,,,,,
"South Tigris, Wayfarers of the",2,tf,"South Tigris, Wayfarers of the2","South Tigris, Wayfarers of the2tf",0.75,0.19,14.00,,gen-card--green,gen-discard,gen-04,,,,,,,,,,,,,,,,
"South Tigris, Wayfarers of the",2,land,"South Tigris, Wayfarers of the2","South Tigris, Wayfarers of the2land",1.00,0.25,10.50,,gen-card--orange,gen-discard,gen-01,,,,,,,,,,,,,,,,
"South Tigris, Wayfarers of the",2,land,"South Tigris, Wayfarers of the2","South Tigris, Wayfarers of the2land",1.00,0.25,10.50,,gen-card--orange,gen-discard,gen-02,,,,,,,,,,,,,,,,
"South Tigris, Wayfarers of the",2,land,"South Tigris, Wayfarers of the2","South Tigris, Wayfarers of the2land",1.00,0.25,10.50,,gen-card--orange,gen-discard,gen-03,,,,,,,,,,,,,,,,
"South Tigris, Wayfarers of the",2,land,"South Tigris, Wayfarers of the2","South Tigris, Wayfarers of the2land",1.00,0.25,10.50,,gen-card--orange,gen-discard,gen-04,,,,,,,,,,,,,,,,
"South Tigris, Wayfarers of the",2,space,"South Tigris, Wayfarers of the2","South Tigris, Wayfarers of the2space",0.50,0.13,21.00,,gen-card--black,gen-discard,gen-01,,,,,,,,,,,,,,,,
"South Tigris, Wayfarers of the",2,space,"South Tigris, Wayfarers of the2","South Tigris, Wayfarers of the2space",0.50,0.13,21.00,,gen-card--black,gen-discard,gen-02,,,,,,,,,,,,,,,,
"South Tigris, Wayfarers of the",2,space,"South Tigris, Wayfarers of the2","South Tigris, Wayfarers of the2space",0.50,0.13,21.00,,gen-card--black,gen-discard,gen-03,,,,,,,,,,,,,,,,
"South Tigris, Wayfarers of the",2,space,"South Tigris, Wayfarers of the2","South Tigris, Wayfarers of the2space",0.50,0.13,21.00,,gen-card--black,gen-discard,gen-04,,,,,,,,,,,,,,,,
"South Tigris, Wayfarers of the",2,sea,"South Tigris, Wayfarers of the2","South Tigris, Wayfarers of the2sea",1.00,0.25,10.50,,gen-card--blue,gen-discard,gen-01,,,,,,,,,,,,,,,,
"South Tigris, Wayfarers of the",2,sea,"South Tigris, Wayfarers of the2","South Tigris, Wayfarers of the2sea",1.00,0.25,10.50,,gen-card--blue,gen-discard,gen-02,,,,,,,,,,,,,,,,
"South Tigris, Wayfarers of the",2,sea,"South Tigris, Wayfarers of the2","South Tigris, Wayfarers of the2sea",1.00,0.25,10.50,,gen-card--blue,gen-discard,gen-03,,,,,,,,,,,,,,,,
"South Tigris, Wayfarers of the",2,sea,"South Tigris, Wayfarers of the2","South Tigris, Wayfarers of the2sea",1.00,0.25,10.50,,gen-card--blue,gen-discard,gen-04,,,,,,,,,,,,,,,,
"South Tigris, Wayfarers of the",2,insp,"South Tigris, Wayfarers of the2","South Tigris, Wayfarers of the2insp",0.25,0.06,42.00,,wost-card--insp,gen-discard,gen-01,,,,,,,,,,,,,,,,
"South Tigris, Wayfarers of the",2,insp,"South Tigris, Wayfarers of the2","South Tigris, Wayfarers of the2insp",0.25,0.06,42.00,,wost-card--insp,gen-discard,gen-02,,,,,,,,,,,,,,,,
"South Tigris, Wayfarers of the",2,insp,"South Tigris, Wayfarers of the2","South Tigris, Wayfarers of the2insp",0.25,0.06,42.00,,wost-card--insp,gen-discard,gen-03,,,,,,,,,,,,,,,,
"South Tigris, Wayfarers of the",2,insp,"South Tigris, Wayfarers of the2","South Tigris, Wayfarers of the2insp",0.25,0.06,42.00,,wost-card--insp,gen-discard,gen-04,,,,,,,,,,,,,,,,
"South Tigris, Wayfarers of the",2,,"South Tigris, Wayfarers of the2","South Tigris, Wayfarers of the2",7.00,7.00,1.50,,,,,,,,,,,,,,,,,,,,
"South Tigris, Wayfarers of the",3,c,"South Tigris, Wayfarers of the3","South Tigris, Wayfarers of the3c",1.00,1.00,2.00,gen-if,gen-card,gen-discard,,gen-has,gen-influence,,,gen-then,gen-player,,,gen-execute,gen-provision,gen-gain,,,,,
"South Tigris, Wayfarers of the",3,p,"South Tigris, Wayfarers of the3","South Tigris, Wayfarers of the3p",1.00,1.00,2.00,gen-if,gen-card,gen-discard,,gen-has,gen-influence,,,gen-then,gen-player,,,gen-execute,gen-coin,gen-gain,,,,,
"South Tigris, Wayfarers of the",4,1,"South Tigris, Wayfarers of the4","South Tigris, Wayfarers of the41",1.00,1.00,4.00,gen-if,gen-card,gen-discard,,gen-has,gen-worker,,,gen-then,gen-worker,,,gen-place,gen-card,gen-01,,,,,
"South Tigris, Wayfarers of the",4,2,"South Tigris, Wayfarers of the4","South Tigris, Wayfarers of the42",1.00,1.00,4.00,gen-if,gen-card,gen-discard,,gen-has,gen-worker,,,gen-then,gen-worker,,,gen-place,gen-card,gen-02,,,,,
"South Tigris, Wayfarers of the",4,3,"South Tigris, Wayfarers of the4","South Tigris, Wayfarers of the43",1.00,1.00,4.00,gen-if,gen-card,gen-discard,,gen-has,gen-worker,,,gen-then,gen-worker,,,gen-place,gen-card,gen-03,,,,,
"South Tigris, Wayfarers of the",4,4,"South Tigris, Wayfarers of the4","South Tigris, Wayfarers of the44",1.00,1.00,4.00,gen-if,gen-card,gen-discard,,gen-has,gen-worker,,,gen-then,gen-worker,,,gen-place,gen-card,gen-04,,,,,
"South Tigris, Scholars of the",2,tl-d,"South Tigris, Scholars of the2","South Tigris, Scholars of the2tl-d",1.00,0.13,6.50,,gen-card--green,gen-discard,gen-01,,,,,,,,,,,,,,,,
"South Tigris, Scholars of the",2,tl,"South Tigris, Scholars of the2","South Tigris, Scholars of the2tl",1.00,0.02,6.50,,gen-card--green,gen-01,,gen-place,gen-space--card,gen-leftmost,,gen-has,gen-gold,,,,,,,,,,
"South Tigris, Scholars of the",2,tl,"South Tigris, Scholars of the2","South Tigris, Scholars of the2tl",1.00,0.02,6.50,,gen-card--green,gen-01,,gen-place,gen-space--card,gen-leftmost,,gen-has,gen-gold,,,gen-and,gen-gold,,,,,,
"South Tigris, Scholars of the",2,tl,"South Tigris, Scholars of the2","South Tigris, Scholars of the2tl",1.00,0.02,6.50,,gen-card--green,gen-01,,gen-place,gen-space--card,gen-leftmost,,gen-has,gen-gold,,,gen-and,gen-gold,,,gen-and,gen-gold,,
"South Tigris, Scholars of the",2,tl,"South Tigris, Scholars of the2","South Tigris, Scholars of the2tl",1.00,0.02,6.50,,gen-card--green,gen-01,,gen-place,gen-space--card,gen-rightmost,,gen-has,gen-gold,,,,,,,,,,
"South Tigris, Scholars of the",2,tl,"South Tigris, Scholars of the2","South Tigris, Scholars of the2tl",1.00,0.02,6.50,,gen-card--green,gen-01,,gen-place,gen-space--card,gen-rightmost,,gen-has,gen-gold,,,gen-and,gen-gold,,,,,,
"South Tigris, Scholars of the",2,tl,"South Tigris, Scholars of the2","South Tigris, Scholars of the2tl",1.00,0.02,6.50,,gen-card--green,gen-01,,gen-place,gen-space--card,gen-rightmost,,gen-has,gen-gold,,,gen-and,gen-gold,,,gen-and,gen-gold,,
"South Tigris, Scholars of the",2,tl,"South Tigris, Scholars of the2","South Tigris, Scholars of the2tl",1.00,0.02,6.50,,gen-card--green,gen-discard,gen-02,,,,,,,,,,,,,,,,
"South Tigris, Scholars of the",2,tl-d,"South Tigris, Scholars of the2","South Tigris, Scholars of the2tl-d",1.00,0.13,6.50,,gen-card--green,gen-02,,gen-place,gen-space--card,gen-leftmost,,gen-has,gen-gold,,,,,,,,,,
"South Tigris, Scholars of the",2,tl,"South Tigris, Scholars of the2","South Tigris, Scholars of the2tl",1.00,0.02,6.50,,gen-card--green,gen-02,,gen-place,gen-space--card,gen-leftmost,,gen-has,gen-gold,,,gen-and,gen-gold,,,,,,
"South Tigris, Scholars of the",2,tl,"South Tigris, Scholars of the2","South Tigris, Scholars of the2tl",1.00,0.02,6.50,,gen-card--green,gen-02,,gen-place,gen-space--card,gen-leftmost,,gen-has,gen-gold,,,gen-and,gen-gold,,,gen-and,gen-gold,,
"South Tigris, Scholars of the",2,tl,"South Tigris, Scholars of the2","South Tigris, Scholars of the2tl",1.00,0.02,6.50,,gen-card--green,gen-02,,gen-place,gen-space--card,gen-rightmost,,gen-has,gen-gold,,,,,,,,,,
"South Tigris, Scholars of the",2,tl,"South Tigris, Scholars of the2","South Tigris, Scholars of the2tl",1.00,0.02,6.50,,gen-card--green,gen-02,,gen-place,gen-space--card,gen-rightmost,,gen-has,gen-gold,,,gen-and,gen-gold,,,,,,
"South Tigris, Scholars of the",2,tl,"South Tigris, Scholars of the2","South Tigris, Scholars of the2tl",1.00,0.02,6.50,,gen-card--green,gen-02,,gen-place,gen-space--card,gen-rightmost,,gen-has,gen-gold,,,gen-and,gen-gold,,,gen-and,gen-gold,,
"South Tigris, Scholars of the",2,tl-d,"South Tigris, Scholars of the2","South Tigris, Scholars of the2tl-d",1.00,0.13,6.50,,gen-card--green,gen-discard,gen-03,,,,,,,,,,,,,,,,
"South Tigris, Scholars of the",2,tl,"South Tigris, Scholars of the2","South Tigris, Scholars of the2tl",1.00,0.02,6.50,,gen-card--green,gen-03,,gen-place,gen-space--card,gen-leftmost,,gen-has,gen-gold,,,,,,,,,,
"South Tigris, Scholars of the",2,tl,"South Tigris, Scholars of the2","South Tigris, Scholars of the2tl",1.00,0.02,6.50,,gen-card--green,gen-03,,gen-place,gen-space--card,gen-leftmost,,gen-has,gen-gold,,,gen-and,gen-gold,,,,,,
"South Tigris, Scholars of the",2,tl,"South Tigris, Scholars of the2","South Tigris, Scholars of the2tl",1.00,0.02,6.50,,gen-card--green,gen-03,,gen-place,gen-space--card,gen-leftmost,,gen-has,gen-gold,,,gen-and,gen-gold,,,gen-and,gen-gold,,
"South Tigris, Scholars of the",2,tl,"South Tigris, Scholars of the2","South Tigris, Scholars of the2tl",1.00,0.02,6.50,,gen-card--green,gen-03,,gen-place,gen-space--card,gen-rightmost,,gen-has,gen-gold,,,,,,,,,,
"South Tigris, Scholars of the",2,tl,"South Tigris, Scholars of the2","South Tigris, Scholars of the2tl",1.00,0.02,6.50,,gen-card--green,gen-03,,gen-place,gen-space--card,gen-rightmost,,gen-has,gen-gold,,,gen-and,gen-gold,,,,,,
"South Tigris, Scholars of the",2,tl,"South Tigris, Scholars of the2","South Tigris, Scholars of the2tl",1.00,0.02,6.50,,gen-card--green,gen-03,,gen-place,gen-space--card,gen-rightmost,,gen-has,gen-gold,,,gen-and,gen-gold,,,gen-and,gen-gold,,
"South Tigris, Scholars of the",2,tl-d,"South Tigris, Scholars of the2","South Tigris, Scholars of the2tl-d",1.00,0.13,6.50,,gen-card--green,gen-discard,gen-04,,,,,,,,,,,,,,,,
"South Tigris, Scholars of the",2,tl,"South Tigris, Scholars of the2","South Tigris, Scholars of the2tl",1.00,0.02,6.50,,gen-card--green,gen-04,,gen-place,gen-space--card,gen-leftmost,,gen-has,gen-gold,,,,,,,,,,
"South Tigris, Scholars of the",2,tl,"South Tigris, Scholars of the2","South Tigris, Scholars of the2tl",1.00,0.02,6.50,,gen-card--green,gen-04,,gen-place,gen-space--card,gen-leftmost,,gen-has,gen-gold,,,gen-and,gen-gold,,,,,,
"South Tigris, Scholars of the",2,tl,"South Tigris, Scholars of the2","South Tigris, Scholars of the2tl",1.00,0.02,6.50,,gen-card--green,gen-04,,gen-place,gen-space--card,gen-leftmost,,gen-has,gen-gold,,,gen-and,gen-gold,,,gen-and,gen-gold,,
"South Tigris, Scholars of the",2,tl,"South Tigris, Scholars of the2","South Tigris, Scholars of the2tl",1.00,0.02,6.50,,gen-card--green,gen-04,,gen-place,gen-space--card,gen-rightmost,,gen-has,gen-gold,,,,,,,,,,
"South Tigris, Scholars of the",2,tl,"South Tigris, Scholars of the2","South Tigris, Scholars of the2tl",1.00,0.02,6.50,,gen-card--green,gen-04,,gen-place,gen-space--card,gen-rightmost,,gen-has,gen-gold,,,gen-and,gen-gold,,,,,,
"South Tigris, Scholars of the",2,tl,"South Tigris, Scholars of the2","South Tigris, Scholars of the2tl",1.00,0.02,6.50,,gen-card--green,gen-04,,gen-place,gen-space--card,gen-rightmost,,gen-has,gen-gold,,,gen-and,gen-gold,,,gen-and,gen-gold,,
"South Tigris, Scholars of the",2,tl-d,"South Tigris, Scholars of the2","South Tigris, Scholars of the2tl-d",1.00,0.13,6.50,,gen-card--green,gen-discard,gen-05,,,,,,,,,,,,,,,,
"South Tigris, Scholars of the",2,tl,"South Tigris, Scholars of the2","South Tigris, Scholars of the2tl",1.00,0.02,6.50,,gen-card--green,gen-05,,gen-place,gen-space--card,gen-leftmost,,gen-has,gen-gold,,,,,,,,,,
"South Tigris, Scholars of the",2,tl,"South Tigris, Scholars of the2","South Tigris, Scholars of the2tl",1.00,0.02,6.50,,gen-card--green,gen-05,,gen-place,gen-space--card,gen-leftmost,,gen-has,gen-gold,,,gen-and,gen-gold,,,,,,
"South Tigris, Scholars of the",2,tl,"South Tigris, Scholars of the2","South Tigris, Scholars of the2tl",1.00,0.02,6.50,,gen-card--green,gen-05,,gen-place,gen-space--card,gen-leftmost,,gen-has,gen-gold,,,gen-and,gen-gold,,,gen-and,gen-gold,,
"South Tigris, Scholars of the",2,tl,"South Tigris, Scholars of the2","South Tigris, Scholars of the2tl",1.00,0.02,6.50,,gen-card--green,gen-05,,gen-place,gen-space--card,gen-rightmost,,gen-has,gen-gold,,,,,,,,,,
"South Tigris, Scholars of the",2,tl,"South Tigris, Scholars of the2","South Tigris, Scholars of the2tl",1.00,0.02,6.50,,gen-card--green,gen-05,,gen-place,gen-space--card,gen-rightmost,,gen-has,gen-gold,,,gen-and,gen-gold,,,,,,
"South Tigris, Scholars of the",2,tl,"South Tigris, Scholars of the2","South Tigris, Scholars of the2tl",1.00,0.02,6.50,,gen-card--green,gen-05,,gen-place,gen-space--card,gen-rightmost,,gen-has,gen-gold,,,gen-and,gen-gold,,,gen-and,gen-gold,,
"South Tigris, Scholars of the",2,tl-d,"South Tigris, Scholars of the2","South Tigris, Scholars of the2tl-d",1.00,0.13,6.50,,gen-card--green,gen-discard,gen-06,,,,,,,,,,,,,,,,
"South Tigris, Scholars of the",2,tl,"South Tigris, Scholars of the2","South Tigris, Scholars of the2tl",1.00,0.02,6.50,,gen-card--green,gen-06,,gen-place,gen-space--card,gen-leftmost,,gen-has,gen-gold,,,,,,,,,,
"South Tigris, Scholars of the",2,tl,"South Tigris, Scholars of the2","South Tigris, Scholars of the2tl",1.00,0.02,6.50,,gen-card--green,gen-06,,gen-place,gen-space--card,gen-leftmost,,gen-has,gen-gold,,,gen-and,gen-gold,,,,,,
"South Tigris, Scholars of the",2,tl,"South Tigris, Scholars of the2","South Tigris, Scholars of the2tl",1.00,0.02,6.50,,gen-card--green,gen-06,,gen-place,gen-space--card,gen-leftmost,,gen-has,gen-gold,,,gen-and,gen-gold,,,gen-and,gen-gold,,
"South Tigris, Scholars of the",2,tl,"South Tigris, Scholars of the2","South Tigris, Scholars of the2tl",1.00,0.02,6.50,,gen-card--green,gen-06,,gen-place,gen-space--card,gen-rightmost,,gen-has,gen-gold,,,,,,,,,,
"South Tigris, Scholars of the",2,tl,"South Tigris, Scholars of the2","South Tigris, Scholars of the2tl",1.00,0.02,6.50,,gen-card--green,gen-06,,gen-place,gen-space--card,gen-rightmost,,gen-has,gen-gold,,,gen-and,gen-gold,,,,,,
"South Tigris, Scholars of the",2,tl,"South Tigris, Scholars of the2","South Tigris, Scholars of the2tl",1.00,0.02,6.50,,gen-card--green,gen-06,,gen-place,gen-space--card,gen-rightmost,,gen-has,gen-gold,,,gen-and,gen-gold,,,gen-and,gen-gold,,
"South Tigris, Scholars of the",2,tl-d,"South Tigris, Scholars of the2","South Tigris, Scholars of the2tl-d",1.00,0.13,6.50,,gen-card--green,gen-discard,gen-07,,,,,,,,,,,,,,,,
"South Tigris, Scholars of the",2,tl,"South Tigris, Scholars of the2","South Tigris, Scholars of the2tl",1.00,0.02,6.50,,gen-card--green,gen-07,,gen-place,gen-space--card,gen-leftmost,,gen-has,gen-gold,,,,,,,,,,
"South Tigris, Scholars of the",2,tl,"South Tigris, Scholars of the2","South Tigris, Scholars of the2tl",1.00,0.02,6.50,,gen-card--green,gen-07,,gen-place,gen-space--card,gen-leftmost,,gen-has,gen-gold,,,gen-and,gen-gold,,,,,,
"South Tigris, Scholars of the",2,tl,"South Tigris, Scholars of the2","South Tigris, Scholars of the2tl",1.00,0.02,6.50,,gen-card--green,gen-07,,gen-place,gen-space--card,gen-leftmost,,gen-has,gen-gold,,,gen-and,gen-gold,,,gen-and,gen-gold,,
"South Tigris, Scholars of the",2,tl,"South Tigris, Scholars of the2","South Tigris, Scholars of the2tl",1.00,0.02,6.50,,gen-card--green,gen-07,,gen-place,gen-space--card,gen-rightmost,,gen-has,gen-gold,,,,,,,,,,
"South Tigris, Scholars of the",2,tl,"South Tigris, Scholars of the2","South Tigris, Scholars of the2tl",1.00,0.02,6.50,,gen-card--green,gen-07,,gen-place,gen-space--card,gen-rightmost,,gen-has,gen-gold,,,gen-and,gen-gold,,,,,,
"South Tigris, Scholars of the",2,tl,"South Tigris, Scholars of the2","South Tigris, Scholars of the2tl",1.00,0.02,6.50,,gen-card--green,gen-07,,gen-place,gen-space--card,gen-rightmost,,gen-has,gen-gold,,,gen-and,gen-gold,,,gen-and,gen-gold,,
"South Tigris, Scholars of the",2,tl-d,"South Tigris, Scholars of the2","South Tigris, Scholars of the2tl-d",1.00,0.13,6.50,,gen-card--green,gen-discard,gen-08,,,,,,,,,,,,,,,,
"South Tigris, Scholars of the",2,tl,"South Tigris, Scholars of the2","South Tigris, Scholars of the2tl",1.00,0.02,6.50,,gen-card--green,gen-08,,gen-place,gen-space--card,gen-leftmost,,gen-has,gen-gold,,,,,,,,,,
"South Tigris, Scholars of the",2,tl,"South Tigris, Scholars of the2","South Tigris, Scholars of the2tl",1.00,0.02,6.50,,gen-card--green,gen-08,,gen-place,gen-space--card,gen-leftmost,,gen-has,gen-gold,,,gen-and,gen-gold,,,,,,
"South Tigris, Scholars of the",2,tl,"South Tigris, Scholars of the2","South Tigris, Scholars of the2tl",1.00,0.02,6.50,,gen-card--green,gen-08,,gen-place,gen-space--card,gen-leftmost,,gen-has,gen-gold,,,gen-and,gen-gold,,,gen-and,gen-gold,,
"South Tigris, Scholars of the",2,tl,"South Tigris, Scholars of the2","South Tigris, Scholars of the2tl",1.00,0.02,6.50,,gen-card--green,gen-08,,gen-place,gen-space--card,gen-rightmost,,gen-has,gen-gold,,,,,,,,,,
"South Tigris, Scholars of the",2,tl,"South Tigris, Scholars of the2","South Tigris, Scholars of the2tl",1.00,0.02,6.50,,gen-card--green,gen-08,,gen-place,gen-space--card,gen-rightmost,,gen-has,gen-gold,,,gen-and,gen-gold,,,,,,
"South Tigris, Scholars of the",2,tl,"South Tigris, Scholars of the2","South Tigris, Scholars of the2tl",1.00,0.02,6.50,,gen-card--green,gen-08,,gen-place,gen-space--card,gen-rightmost,,gen-has,gen-gold,,,gen-and,gen-gold,,,gen-and,gen-gold,,
"South Tigris, Scholars of the",2,trv,"South Tigris, Scholars of the2","South Tigris, Scholars of the2trv",1.50,0.08,4.33,,sost-travel,gen-here,,gen-execute,gen-card--brown,gen-ttl,,gen-place,gen-guild--purple,,,,gen-influence,,,gen-place,gen-guild--purple,,
"South Tigris, Scholars of the",2,trv,"South Tigris, Scholars of the2","South Tigris, Scholars of the2trv",1.50,0.08,4.33,,sost-travel,gen-here,,gen-execute,gen-card--brown,gen-ttl,,gen-place,gen-guild--orange,,,,gen-influence,,,gen-place,gen-guild--orange,,
"South Tigris, Scholars of the",2,trv,"South Tigris, Scholars of the2","South Tigris, Scholars of the2trv",1.50,0.08,4.33,,sost-travel,gen-here,,gen-execute,gen-card--brown,gen-ttl,,gen-place,gen-guild--green,,,,gen-influence,,,gen-place,gen-guild--green,,
"South Tigris, Scholars of the",2,trv,"South Tigris, Scholars of the2","South Tigris, Scholars of the2trv",1.50,0.08,4.33,,sost-travel,gen-here,,gen-execute,gen-card--brown,gen-ttm,,gen-place,gen-guild--purple,,,,gen-influence,,,gen-place,gen-guild--purple,,
"South Tigris, Scholars of the",2,trv,"South Tigris, Scholars of the2","South Tigris, Scholars of the2trv",1.50,0.08,4.33,,sost-travel,gen-here,,gen-execute,gen-card--brown,gen-ttm,,gen-place,gen-guild--orange,,,,gen-influence,,,gen-place,gen-guild--orange,,
"South Tigris, Scholars of the",2,trv,"South Tigris, Scholars of the2","South Tigris, Scholars of the2trv",1.50,0.08,4.33,,sost-travel,gen-here,,gen-execute,gen-card--brown,gen-ttm,,gen-place,gen-guild--green,,,,gen-influence,,,gen-place,gen-guild--green,,
"South Tigris, Scholars of the",2,trv,"South Tigris, Scholars of the2","South Tigris, Scholars of the2trv",1.50,0.08,4.33,,sost-travel,gen-here,,gen-execute,gen-card--brown,gen-ttr,,gen-place,gen-guild--purple,,,,gen-influence,,,gen-place,gen-guild--purple,,
"South Tigris, Scholars of the",2,trv,"South Tigris, Scholars of the2","South Tigris, Scholars of the2trv",1.50,0.08,4.33,,sost-travel,gen-here,,gen-execute,gen-card--brown,gen-ttr,,gen-place,gen-guild--orange,,,,gen-influence,,,gen-place,gen-guild--orange,,
"South Tigris, Scholars of the",2,trv,"South Tigris, Scholars of the2","South Tigris, Scholars of the2trv",1.50,0.08,4.33,,sost-travel,gen-here,,gen-execute,gen-card--brown,gen-ttr,,gen-place,gen-guild--green,,,,gen-influence,,,gen-place,gen-guild--green,,
"South Tigris, Scholars of the",2,trv,"South Tigris, Scholars of the2","South Tigris, Scholars of the2trv",1.50,0.08,4.33,,sost-travel,gen-here,,gen-execute,gen-card--brown,gen-tbl,,gen-place,gen-guild--purple,,,,gen-influence,,,gen-place,gen-guild--purple,,
"South Tigris, Scholars of the",2,trv,"South Tigris, Scholars of the2","South Tigris, Scholars of the2trv",1.50,0.08,4.33,,sost-travel,gen-here,,gen-execute,gen-card--brown,gen-tbl,,gen-place,gen-guild--orange,,,,gen-influence,,,gen-place,gen-guild--orange,,
"South Tigris, Scholars of the",2,trv,"South Tigris, Scholars of the2","South Tigris, Scholars of the2trv",1.50,0.08,4.33,,sost-travel,gen-here,,gen-execute,gen-card--brown,gen-tbl,,gen-place,gen-guild--green,,,,gen-influence,,,gen-place,gen-guild--green,,
"South Tigris, Scholars of the",2,trv,"South Tigris, Scholars of the2","South Tigris, Scholars of the2trv",1.50,0.08,4.33,,sost-travel,gen-here,,gen-execute,gen-card--brown,gen-tbm,,gen-place,gen-guild--purple,,,,gen-influence,,,gen-place,gen-guild--purple,,
"South Tigris, Scholars of the",2,trv,"South Tigris, Scholars of the2","South Tigris, Scholars of the2trv",1.50,0.08,4.33,,sost-travel,gen-here,,gen-execute,gen-card--brown,gen-tbm,,gen-place,gen-guild--orange,,,,gen-influence,,,gen-place,gen-guild--orange,,
"South Tigris, Scholars of the",2,trv,"South Tigris, Scholars of the2","South Tigris, Scholars of the2trv",1.50,0.08,4.33,,sost-travel,gen-here,,gen-execute,gen-card--brown,gen-tbm,,gen-place,gen-guild--green,,,,gen-influence,,,gen-place,gen-guild--green,,
"South Tigris, Scholars of the",2,trv,"South Tigris, Scholars of the2","South Tigris, Scholars of the2trv",1.50,0.08,4.33,,sost-travel,gen-here,,gen-execute,gen-card--brown,gen-tbr,,gen-place,gen-guild--purple,,,,gen-influence,,,gen-place,gen-guild--purple,,
"South Tigris, Scholars of the",2,trv,"South Tigris, Scholars of the2","South Tigris, Scholars of the2trv",1.50,0.08,4.33,,sost-travel,gen-here,,gen-execute,gen-card--brown,gen-tbr,,gen-place,gen-guild--orange,,,,gen-influence,,,gen-place,gen-guild--orange,,
"South Tigris, Scholars of the",2,trv,"South Tigris, Scholars of the2","South Tigris, Scholars of the2trv",1.50,0.08,4.33,,sost-travel,gen-here,,gen-execute,gen-card--brown,gen-tbr,,gen-place,gen-guild--green,,,,gen-influence,,,gen-place,gen-guild--green,,
"South Tigris, Scholars of the",2,translate,"South Tigris, Scholars of the2","South Tigris, Scholars of the2translate",1.00,0.17,6.50,,gen-guild--purple,,,gen-has,gen-card--brown,gen-topmost,gen-here,gen-execute,sost-translate,,,,,,,,,,
"South Tigris, Scholars of the",2,translate,"South Tigris, Scholars of the2","South Tigris, Scholars of the2translate",1.00,0.17,6.50,,gen-guild--orange,,,gen-has,gen-card--brown,gen-topmost,gen-here,gen-execute,sost-translate,,,,,,,,,,
"South Tigris, Scholars of the",2,translate,"South Tigris, Scholars of the2","South Tigris, Scholars of the2translate",1.00,0.17,6.50,,gen-guild--green,,,gen-has,gen-card--brown,gen-topmost,gen-here,gen-execute,sost-translate,,,,,,,,,,
"South Tigris, Scholars of the",2,translate,"South Tigris, Scholars of the2","South Tigris, Scholars of the2translate",1.00,0.17,6.50,,gen-guild--purple,,,gen-has,gen-card--brown,gen-bottommost,gen-here,gen-execute,sost-translate,,,,,,,,,,
"South Tigris, Scholars of the",2,translate,"South Tigris, Scholars of the2","South Tigris, Scholars of the2translate",1.00,0.17,6.50,,gen-guild--orange,,,gen-has,gen-card--brown,gen-bottommost,gen-here,gen-execute,sost-translate,,,,,,,,,,
"South Tigris, Scholars of the",2,translate,"South Tigris, Scholars of the2","South Tigris, Scholars of the2translate",1.00,0.17,6.50,,gen-guild--green,,,gen-has,gen-card--brown,gen-bottommost,gen-here,gen-execute,sost-translate,,,,,,,,,,
"South Tigris, Scholars of the",2,,"South Tigris, Scholars of the2","South Tigris, Scholars of the2",2.00,2.00,3.25,,,,,,,,,,,,,,,,,,,,
"South Tigris, Scholars of the",3,inf-g,"South Tigris, Scholars of the3","South Tigris, Scholars of the3inf-g",1.00,0.33,9.00,,gen-influence,,,gen-place,gen-guild--purple,,,,,,,,,,,,,,
"South Tigris, Scholars of the",3,inf-g,"South Tigris, Scholars of the3","South Tigris, Scholars of the3inf-g",1.00,0.33,9.00,,gen-influence,,,gen-place,gen-guild--orange,,,,,,,,,,,,,,
"South Tigris, Scholars of the",3,inf-g,"South Tigris, Scholars of the3","South Tigris, Scholars of the3inf-g",1.00,0.33,9.00,,gen-influence,,,gen-place,gen-guild--green,,,,,,,,,,,,,,
"South Tigris, Scholars of the",3,inf-t,"South Tigris, Scholars of the3","South Tigris, Scholars of the3inf-t",1.00,0.17,9.00,,gen-influence,,,gen-place,gen-card--brown,sost-travel,gen-ttl,,,,,,,,,,,,
"South Tigris, Scholars of the",3,inf-t,"South Tigris, Scholars of the3","South Tigris, Scholars of the3inf-t",1.00,0.17,9.00,,gen-influence,,,gen-place,gen-card--brown,sost-travel,gen-ttm,,,,,,,,,,,,
"South Tigris, Scholars of the",3,inf-t,"South Tigris, Scholars of the3","South Tigris, Scholars of the3inf-t",1.00,0.17,9.00,,gen-influence,,,gen-place,gen-card--brown,sost-travel,gen-ttr,,,,,,,,,,,,
"South Tigris, Scholars of the",3,inf-t,"South Tigris, Scholars of the3","South Tigris, Scholars of the3inf-t",1.00,0.17,9.00,,gen-influence,,,gen-place,gen-card--brown,sost-travel,gen-tbl,,,,,,,,,,,,
"South Tigris, Scholars of the",3,inf-t,"South Tigris, Scholars of the3","South Tigris, Scholars of the3inf-t",1.00,0.17,9.00,,gen-influence,,,gen-place,gen-card--brown,sost-travel,gen-tbm,,,,,,,,,,,,
"South Tigris, Scholars of the",3,inf-t,"South Tigris, Scholars of the3","South Tigris, Scholars of the3inf-t",1.00,0.17,9.00,,gen-influence,,,gen-place,gen-card--brown,sost-travel,gen-tbr,,,,,,,,,,,,
"South Tigris, Scholars of the",3,inf-gh,"South Tigris, Scholars of the3","South Tigris, Scholars of the3inf-gh",1.00,0.11,9.00,,gen-influence,,,gen-place,gen-card--brown,sost-translate,gen-ttl,,,,,,,,,,,,
"South Tigris, Scholars of the",3,inf-gh,"South Tigris, Scholars of the3","South Tigris, Scholars of the3inf-gh",1.00,0.11,9.00,,gen-influence,,,gen-place,gen-card--brown,sost-translate,gen-ttm,,,,,,,,,,,,
"South Tigris, Scholars of the",3,inf-gh,"South Tigris, Scholars of the3","South Tigris, Scholars of the3inf-gh",1.00,0.11,9.00,,gen-influence,,,gen-place,gen-card--brown,sost-translate,gen-ttr,,,,,,,,,,,,
"South Tigris, Scholars of the",3,inf-gh,"South Tigris, Scholars of the3","South Tigris, Scholars of the3inf-gh",1.00,0.11,9.00,,gen-influence,,,gen-place,gen-card--brown,sost-translate,gen-tml,,,,,,,,,,,,
"South Tigris, Scholars of the",3,inf-gh,"South Tigris, Scholars of the3","South Tigris, Scholars of the3inf-gh",1.00,0.11,9.00,,gen-influence,,,gen-place,gen-card--brown,sost-translate,gen-tmm,,,,,,,,,,,,
"South Tigris, Scholars of the",3,inf-gh,"South Tigris, Scholars of the3","South Tigris, Scholars of the3inf-gh",1.00,0.11,9.00,,gen-influence,,,gen-place,gen-card--brown,sost-translate,gen-tmr,,,,,,,,,,,,
"South Tigris, Scholars of the",3,inf-gh,"South Tigris, Scholars of the3","South Tigris, Scholars of the3inf-gh",1.00,0.11,9.00,,gen-influence,,,gen-place,gen-card--brown,sost-translate,gen-tbl,,,,,,,,,,,,
"South Tigris, Scholars of the",3,inf-gh,"South Tigris, Scholars of the3","South Tigris, Scholars of the3inf-gh",1.00,0.11,9.00,,gen-influence,,,gen-place,gen-card--brown,sost-translate,gen-tbm,,,,,,,,,,,,
"South Tigris, Scholars of the",3,inf-gh,"South Tigris, Scholars of the3","South Tigris, Scholars of the3inf-gh",1.00,0.11,9.00,,gen-influence,,,gen-place,gen-card--brown,sost-translate,gen-tbr,,,,,,,,,,,,
"South Tigris, Scholars of the",3,,"South Tigris, Scholars of the3","South Tigris, Scholars of the3",6.00,6.00,1.50,,,,,,,,,,,,,,,,,,,,
"South Tigris, Inventors of the",2,ship,"South Tigris, Inventors of the2","South Tigris, Inventors of the2ship",0.50,0.25,15.00,,iost-ship,gen-01,gen-here,,gen-execute,iost-workshop-tile,gen-discard,,,,,,,,,,,,
"South Tigris, Inventors of the",2,ship,"South Tigris, Inventors of the2","South Tigris, Inventors of the2ship",0.50,0.25,15.00,,iost-ship,gen-02,gen-here,,gen-execute,iost-workshop-tile,gen-discard,,,,,,,,,,,,
"South Tigris, Inventors of the",2,inv,"South Tigris, Inventors of the2","South Tigris, Inventors of the2inv",0.50,0.13,15.00,,gen-card--brown,iost-invent,,gen-place,iost-device-board,gen-01,,gen-else,iost-device-board,gen-bottommost,,,,,,,,,
"South Tigris, Inventors of the",2,inv,"South Tigris, Inventors of the2","South Tigris, Inventors of the2inv",0.75,0.19,10.00,,gen-card--brown,iost-invent,,gen-place,iost-device-board,gen-02,,gen-else,iost-device-board,gen-bottommost,,,,,,,,,
"South Tigris, Inventors of the",2,inv,"South Tigris, Inventors of the2","South Tigris, Inventors of the2inv",1.25,0.31,6.00,,gen-card--brown,iost-invent,,gen-place,iost-device-board,gen-03,,gen-else,iost-device-board,gen-bottommost,,,,,,,,,
"South Tigris, Inventors of the",2,inv,"South Tigris, Inventors of the2","South Tigris, Inventors of the2inv",1.50,0.38,5.00,,gen-card--brown,iost-invent,,gen-place,iost-device-board,gen-04,,gen-else,iost-device-board,gen-bottommost,,,,,,,,,
"South Tigris, Inventors of the",2,contruct,"South Tigris, Inventors of the2","South Tigris, Inventors of the2contruct",0.50,0.13,15.00,,iost-device-board,iost-invent,gen-01,gen-else,iost-device-board,iost-invent,gen-bottommost,gen-execute,iost-construct,,,,,,,,,,
"South Tigris, Inventors of the",2,contruct,"South Tigris, Inventors of the2","South Tigris, Inventors of the2contruct",0.75,0.19,10.00,,iost-device-board,iost-invent,gen-02,gen-else,iost-device-board,iost-invent,gen-bottommost,gen-execute,iost-construct,,,,,,,,,,
"South Tigris, Inventors of the",2,contruct,"South Tigris, Inventors of the2","South Tigris, Inventors of the2contruct",1.25,0.31,6.00,,iost-device-board,iost-invent,gen-03,gen-else,iost-device-board,iost-invent,gen-bottommost,gen-execute,iost-construct,,,,,,,,,,
"South Tigris, Inventors of the",2,contruct,"South Tigris, Inventors of the2","South Tigris, Inventors of the2contruct",1.50,0.38,5.00,,iost-device-board,iost-invent,gen-04,gen-else,iost-device-board,iost-invent,gen-bottommost,gen-execute,iost-construct,,,,,,,,,,
"South Tigris, Inventors of the",2,test,"South Tigris, Inventors of the2","South Tigris, Inventors of the2test",0.50,0.04,15.00,,gen-dice--blue,gen-roll,,gen-place,iost-device-board,iost-construct,gen-01,gen-else,iost-device-board,iost-construct,gen-bottommost,,,,,,,,
"South Tigris, Inventors of the",2,test,"South Tigris, Inventors of the2","South Tigris, Inventors of the2test",0.50,0.04,15.00,,gen-dice--orange,gen-roll,,gen-place,iost-device-board,iost-construct,gen-01,gen-else,iost-device-board,iost-construct,gen-bottommost,,,,,,,,
"South Tigris, Inventors of the",2,test,"South Tigris, Inventors of the2","South Tigris, Inventors of the2test",0.50,0.04,15.00,,gen-dice--black,gen-roll,,gen-place,iost-device-board,iost-construct,gen-01,gen-else,iost-device-board,iost-construct,gen-bottommost,,,,,,,,
"South Tigris, Inventors of the",2,test,"South Tigris, Inventors of the2","South Tigris, Inventors of the2test",0.75,0.06,10.00,,gen-dice--blue,gen-roll,,gen-place,iost-device-board,iost-construct,gen-02,gen-else,iost-device-board,iost-construct,gen-bottommost,,,,,,,,
"South Tigris, Inventors of the",2,test,"South Tigris, Inventors of the2","South Tigris, Inventors of the2test",0.75,0.06,10.00,,gen-dice--orange,gen-roll,,gen-place,iost-device-board,iost-construct,gen-02,gen-else,iost-device-board,iost-construct,gen-bottommost,,,,,,,,
"South Tigris, Inventors of the",2,test,"South Tigris, Inventors of the2","South Tigris, Inventors of the2test",0.75,0.06,10.00,,gen-dice--black,gen-roll,,gen-place,iost-device-board,iost-construct,gen-02,gen-else,iost-device-board,iost-construct,gen-bottommost,,,,,,,,
"South Tigris, Inventors of the",2,test,"South Tigris, Inventors of the2","South Tigris, Inventors of the2test",1.25,0.10,6.00,,gen-dice--blue,gen-roll,,gen-place,iost-device-board,iost-construct,gen-03,gen-else,iost-device-board,iost-construct,gen-bottommost,,,,,,,,
"South Tigris, Inventors of the",2,test,"South Tigris, Inventors of the2","South Tigris, Inventors of the2test",1.25,0.10,6.00,,gen-dice--orange,gen-roll,,gen-place,iost-device-board,iost-construct,gen-03,gen-else,iost-device-board,iost-construct,gen-bottommost,,,,,,,,
"South Tigris, Inventors of the",2,test,"South Tigris, Inventors of the2","South Tigris, Inventors of the2test",1.25,0.10,6.00,,gen-dice--black,gen-roll,,gen-place,iost-device-board,iost-construct,gen-03,gen-else,iost-device-board,iost-construct,gen-bottommost,,,,,,,,
"South Tigris, Inventors of the",2,test,"South Tigris, Inventors of the2","South Tigris, Inventors of the2test",1.50,0.13,5.00,,gen-dice--blue,gen-roll,,gen-place,iost-device-board,iost-construct,gen-04,gen-else,iost-device-board,iost-construct,gen-bottommost,,,,,,,,
"South Tigris, Inventors of the",2,test,"South Tigris, Inventors of the2","South Tigris, Inventors of the2test",1.50,0.13,5.00,,gen-dice--orange,gen-roll,,gen-place,iost-device-board,iost-construct,gen-04,gen-else,iost-device-board,iost-construct,gen-bottommost,,,,,,,,
"South Tigris, Inventors of the",2,test,"South Tigris, Inventors of the2","South Tigris, Inventors of the2test",1.50,0.13,5.00,,gen-dice--black,gen-roll,,gen-place,iost-device-board,iost-construct,gen-04,gen-else,iost-device-board,iost-construct,gen-bottommost,,,,,,,,
"South Tigris, Inventors of the",2,invent,"South Tigris, Inventors of the2","South Tigris, Inventors of the2invent",0.50,0.13,15.00,,iost-device-board,iost-construct,gen-01,gen-else,iost-device-board,iost-construct,gen-bottommost,gen-execute,iost-publish,,,,,,,,,,
"South Tigris, Inventors of the",2,invent,"South Tigris, Inventors of the2","South Tigris, Inventors of the2invent",0.75,0.19,10.00,,iost-device-board,iost-construct,gen-02,gen-else,iost-device-board,iost-construct,gen-bottommost,gen-execute,iost-publish,,,,,,,,,,
"South Tigris, Inventors of the",2,invent,"South Tigris, Inventors of the2","South Tigris, Inventors of the2invent",1.25,0.31,6.00,,iost-device-board,iost-construct,gen-03,gen-else,iost-device-board,iost-construct,gen-bottommost,gen-execute,iost-publish,,,,,,,,,,
"South Tigris, Inventors of the",2,invent,"South Tigris, Inventors of the2","South Tigris, Inventors of the2invent",1.50,0.38,5.00,,iost-device-board,iost-construct,gen-04,gen-else,iost-device-board,iost-construct,gen-bottommost,gen-execute,iost-publish,,,,,,,,,,
"South Tigris, Inventors of the",2,research,"South Tigris, Inventors of the2","South Tigris, Inventors of the2research",0.75,0.08,10.00,,gen-influence,,,gen-place,iost-research,gen-ongoing,gen-01,gen-else,iost-research,gen-leftmost,,,,,,,,,
"South Tigris, Inventors of the",2,research,"South Tigris, Inventors of the2","South Tigris, Inventors of the2research",0.75,0.08,10.00,,gen-influence,,,gen-place,iost-research,gen-tent,gen-01,gen-else,iost-research,gen-leftmost,,,,,,,,,
"South Tigris, Inventors of the",2,research,"South Tigris, Inventors of the2","South Tigris, Inventors of the2research",0.75,0.08,10.00,,gen-influence,,,gen-place,iost-research,gen-instant,gen-01,gen-else,iost-research,gen-leftmost,,,,,,,,,
"South Tigris, Inventors of the",2,research,"South Tigris, Inventors of the2","South Tigris, Inventors of the2research",1.00,0.11,7.50,,gen-influence,,,gen-place,iost-research,gen-ongoing,gen-02,gen-else,iost-research,gen-leftmost,,,,,,,,,
"South Tigris, Inventors of the",2,research,"South Tigris, Inventors of the2","South Tigris, Inventors of the2research",1.00,0.11,7.50,,gen-influence,,,gen-place,iost-research,gen-tent,gen-02,gen-else,iost-research,gen-leftmost,,,,,,,,,
"South Tigris, Inventors of the",2,research,"South Tigris, Inventors of the2","South Tigris, Inventors of the2research",1.00,0.11,7.50,,gen-influence,,,gen-place,iost-research,gen-instant,gen-02,gen-else,iost-research,gen-rightmost,,,,,,,,,
"South Tigris, Inventors of the",2,research,"South Tigris, Inventors of the2","South Tigris, Inventors of the2research",1.25,0.14,6.00,,gen-influence,,,gen-place,iost-research,gen-ongoing,gen-03,gen-else,iost-research,gen-rightmost,,,,,,,,,
"South Tigris, Inventors of the",2,research,"South Tigris, Inventors of the2","South Tigris, Inventors of the2research",1.25,0.14,6.00,,gen-influence,,,gen-place,iost-research,gen-tent,gen-03,gen-else,iost-research,gen-rightmost,,,,,,,,,
"South Tigris, Inventors of the",2,research,"South Tigris, Inventors of the2","South Tigris, Inventors of the2research",1.25,0.14,6.00,,gen-influence,,,gen-place,iost-research,gen-instant,gen-03,gen-else,iost-research,gen-rightmost,,,,,,,,,
"South Tigris, Inventors of the",2,,"South Tigris, Inventors of the2","South Tigris, Inventors of the2",2.00,2.00,3.75,,,,,,,,,,,,,,,,,,,,